Workbook

Sheet 装箱单
D1: 海之风 Packing list
Q2: 日期： | S2: 46233
A3: 供应商 | B3: 供应商 | C3: 唛头 | D3: 材料成份 | E3: 西班牙文品名 | F3: 品名 | G3: 英文品名 | H3: 款号 | I3: 箱号 | J3: 箱数 | K3: 件/箱 | L3: 总件数 | M3: 毛重 | N3: 净重 | O3: 总毛重 | P3: 总净重 | Q3: 箱规（CM） | T3: 每箱立方 m³ | U3: 立方数m³ | V3: 单价 | W3: 总价
A4: Supplier | B4: Supplier | C4: Brand | D4: Composition | E4: Item | F4: Item | G4: Item | H4: Style No. | I4: Ctn No. | J4: Ctns | K4: pc/ctn | L4: total qty | M4: G.W | N4: N.W | O4: total G.W | P4: total N.W | Q4: means(cm) | T4: cbm / ctn | U4: CBM | V4: Price | W4: Amount
C5: IDOL NAVY | D5: 65%ALGODÓN 35%POLIESTER | E5: Sudaderas con capuchas | F5: 针织套头卫衣 | G5: Hooded sweatshirt | H5: HF26/05USD | J5: 5 | K5: 24 | L5: =J5*K5+K6 -> 144 | M5: 15.6 | N5: 14.6 | O5: =J5*M5 -> 78 | P5: =J5*N5 -> 73 | Q5: 54 | R5: 34 | S5: 40 | T5: =Q5*R5*S5*J5/1000000 -> 0.3672 | U5: =T5+T6 -> 0.44064 | V5: 43 | W5: =L5*V5 -> 6192
J6: 1 | K6: 24 | M6: 15.6 | N6: 14.6 | O6: =J6*M6 -> 15.6 | P6: =J6*N6 -> 14.6 | Q6: 54 | R6: 34 | S6: 40 | T6: =Q6*R6*S6*J6/1000000 -> 0.07344
D7: 65%ALGODÓN 35%POLIESTER | E7: Sudaderas con capuchas | F7: 针织套头卫衣 | G7: Hooded sweatshirt | H7: HF26/10USD | J7: 10 | K7: 24 | L7: =J7*K7+K8 -> 240 | M7: 15.4 | N7: 14.4 | O7: =J7*M7 -> 154 | P7: =J7*N7 -> 144 | Q7: 54 | R7: 34 | S7: 40 | T7: =Q7*R7*S7*J7/1000000 -> 0.7344 | U7: =T7+T8 -> 0.7344 | V7: 43 | W7: =L7*V7 -> 10320
M8: 17.2 | N8: 16.2 | O8: =J8*M8 -> 0 | P8: =J8*N8 -> 0 | Q8: 54 | R8: 34 | S8: 40 | T8: =Q8*R8*S8*J8/1000000 -> 0
D9: 65%ALGODÓN 35%POLIESTER | E9: Sudaderas con capuchas | F9: 针织套头卫衣 | G9: Hooded sweatshirt | H9: HF26/11USD | J9: 9 | K9: 24 | L9: =J9*K9+K10 -> 236 | M9: 15.4 | N9: 14.4 | O9: =J9*M9 -> 138.6 | P9: =J9*N9 -> 129.6 | Q9: 54 | R9: 34 | S9: 45 | T9: =Q9*R9*S9*J9/1000000 -> 0.74358 | U9: =T9+T10 -> 0.81702 | V9: 43 | W9: =L9*V9 -> 10148
J10: 1 | K10: 20 | M10: 14.2 | N10: 13.2 | O10: =J10*M10 -> 14.2 | P10: =J10*N10 -> 13.2 | Q10: 54 | R10: 34 | S10: 40 | T10: =Q10*R10*S10*J10/1000000 -> 0.07344
D11: 65%ALGODÓN 35%POLIESTER | E11: Sudaderas con capuchas | F11: 针织套头卫衣 | G11: Hooded sweatshirt | H11: HF26/12USD | J11: 5 | K11: 24 | L11: =J11*K11+K12 -> 154 | M11: 15.4 | N11: 14.4 | O11: =J11*M11 -> 77 | P11: =J11*N11 -> 72 | Q11: 54 | R11: 34 | S11: 40 | T11: =Q11*R11*S11*J11/1000000 -> 0.3672 | U11: =T11+T12 -> 0.46818 | V11: 43 | W11: =L11*V11 -> 6622
J12: 1 | K12: 34 | M12: 21.4 | N12: 20.4 | O12: =J12*M12 -> 21.4 | P12: =J12*N12 -> 20.4 | Q12: 54 | R12: 34 | S12: 55 | T12: =Q12*R12*S12*J12/1000000 -> 0.10098
D13: 65%ALGODÓN 35%POLIESTER | E13: Sudaderas con capuchas | F13: 针织套头卫衣 | G13: Hooded sweatshirt | H13: HF26/13USD | J13: 10 | K13: 24 | L13: =J13*K13+K14 -> 264 | M13: 15.4 | N13: 14.4 | O13: =J13*M13 -> 154 | P13: =J13*N13 -> 144 | Q13: 54 | R13: 34 | S13: 45 | T13: =Q13*R13*S13*J13/1000000 -> 0.8262 | U13: =T13+T14 -> 0.90882 | V13: 43 | W13: =L13*V13 -> 11352
J14: 1 | K14: 24 | M14: 15.4 | N14: 14.4 | O14: =J14*M14 -> 15.4 | P14: =J14*N14 -> 14.4 | Q14: 54 | R14: 34 | S14: 45 | T14: =Q14*R14*S14*J14/1000000 -> 0.08262
D15: 65%ALGODÓN 35%POLIESTER | E15: Sudaderas con capucha | F15: 针织连帽卫衣 | G15: Hooded sweatshirt | H15: HF26/06MSD | J15: 2 | K15: 24 | L15: =J15*K15+K16 -> 48 | M15: 20 | N15: 19 | O15: =J15*M15 -> 40 | P15: =J15*N15 -> 38 | Q15: 54 | R15: 34 | S15: 55 | T15: =Q15*R15*S15*J15/1000000 -> 0.20196 | U15: =T15+T16 -> 0.20196 | V15: 41 | W15: =L15*V15 -> 1968
D17: 65%ALGODÓN 35%POLIESTER | E17: Sudaderas con capucha | F17: 针织连帽卫衣 | G17: Hooded sweatshirt | H17: HF26/07MSD | J17: 5 | K17: 24 | L17: =J17*K17+K18 -> 120 | M17: 18.8 | N17: 17.8 | O17: =J17*M17 -> 94 | P17: =J17*N17 -> 89 | Q17: 54 | R17: 34 | S17: 55 | T17: =Q17*R17*S17*J17/1000000 -> 0.5049 | U17: =T17+T18 -> 0.5049 | V17: 44 | W17: =L17*V17 -> 5280
M18: 24 | N18: 23 | O18: =J18*M18 -> 0 | P18: =J18*N18 -> 0 | Q18: 54 | R18: 34 | S18: 65 | T18: =Q18*R18*S18*J18/1000000 -> 0
D19: 65%ALGODÓN 35%POLIESTER | E19: Sudaderas con capucha | F19: 针织连帽卫衣 | G19: Hooded sweatshirt | H19: HF26/08MSD | J19: 9 | K19: 24 | L19: =J19*K19+K20 -> 233 | M19: 18.8 | N19: 17.8 | O19: =J19*M19 -> 169.2 | P19: =J19*N19 -> 160.2 | Q19: 54 | R19: 34 | S19: 55 | T19: =Q19*R19*S19*J19/1000000 -> 0.90882 | U19: =T19+T20 -> 0.98226 | V19: 44.5 | W19: =L19*V19 -> 10368.5
J20: 1 | K20: 17 | M20: 13.6 | N20: 12.6 | O20: =J20*M20 -> 13.6 | P20: =J20*N20 -> 12.6 | Q20: 54 | R20: 34 | S20: 40 | T20: =Q20*R20*S20*J20/1000000 -> 0.07344
D21: 65%ALGODÓN 35%POLIESTER | E21: Sudaderas con capucha | F21: 针织连帽卫衣 | G21: Hooded sweatshirt | H21: HF26/14MSD | J21: 1 | K21: 27 | L21: =J21*K21+K22 -> 27 | M21: 17.8 | N21: 16.8 | O21: =J21*M21 -> 17.8 | P21: =J21*N21 -> 16.8 | Q21: 54 | R21: 34 | S21: 55 | T21: =Q21*R21*S21*J21/1000000 -> 0.10098 | U21: =T21+T22 -> 0.10098 | V21: 43 | W21: =L21*V21 -> 1161
D23: TOTAL: | J23: =SUM(J5:J22) -> 61 | L23: =SUM(L5:L22) -> 1466 | O23: =SUM(O5:O20) -> 985 | P23: =SUM(P5:P20) -> 925 | U23: =SUM(U5:U22) -> 5.15916 | W23: =SUM(W5:W22) -> 63411.5
J25: ='HF26-05USD#'!J11+'HF26-10USD#'!J8+'HF26-11USD#'!J14+'HF26-12USD#'!J11+'HF26-13USD#'!J14+'HF26-06MSD#'!J8+'HF26-07MSD#'!J8+'HF26-08MSD#'!J11+'HF26-14MSD#'!J8 -> 61 | L25: ='HF26-05USD#'!L11+'HF26-10USD#'!L8+'HF26-11USD#'!L14+'HF26-12USD#'!L11+'HF26-13USD#'!L14+'HF26-06MSD#'!L8+'HF26-07MSD#'!L8+'HF26-08MSD#'!L11+'HF26-14MSD#'!L8 -> 1466 | O25: ='HF26-05USD#'!O11+'HF26-10USD#'!O8+'HF26-11USD#'!O14+'HF26-12USD#'!O11+'HF26-13USD#'!O14+'HF26-06MSD#'!O8+'HF26-07MSD#'!O8+'HF26-08MSD#'!O11+'HF26-14MSD#'!O8 -> 978.4 | P25: ='HF26-05USD#'!P11+'HF26-10USD#'!P8+'HF26-11USD#'!P14+'HF26-12USD#'!P11+'HF26-13USD#'!P14+'HF26-06MSD#'!P8+'HF26-07MSD#'!P8+'HF26-08MSD#'!P11+'HF26-14MSD#'!P8 -> 919.5 | U25: ='HF26-05USD#'!U11+'HF26-10USD#'!U8+'HF26-11USD#'!U14+'HF26-12USD#'!U11+'HF26-13USD#'!U14+'HF26-06MSD#'!U8+'HF26-07MSD#'!U8+'HF26-08MSD#'!U11+'HF26-14MSD#'!U8 -> 5.15916

Sheet HF26-05USD#
A1: 海之风服饰 Packing list
A2: 款号 | B2: 唛头 | C2: 箱号 | D2: 颜色 | E2: 规格 | I2: 件数 | J2: 箱数 | K2: 件/箱 | L2: 总件数 | M2: 毛重 | N2: 净重 | O2: 总毛重 | P2: 总净重 | Q2: 箱规（CM） | T2: 每箱立方 m³ | U2: 立方数m³
A3: STYLE No. | B3: BRAND | C3: CTN No. | D3: COLOUR | E3: SIZE | I3: PCS | J3: CTNS | K3: PC/CTN | L3: T.PCS | M3: G.W | N3: N.W | O3: T. G.W | P3: T. N.W | Q3: MEANS(cm) | T3: cbm/ctn | U3: CBM
E4: CH | F4: M | G4: G | H4: EG | Q4: L | R4: W | S4: H
A5: HF26/05USD | B5: IDOL NAVY | D5: BLACK | E5: 2 | F5: 2 | G5: 2 | H5: 2 | I5: =SUM(E5:H5) -> 8 | J5: 5 | K5: =SUM(I5:I7) -> 24 | L5: =J5*K5 -> 120 | M5: 15.6 | N5: 14.6 | O5: =J5*M5+M8 -> 93.6 | P5: =J5*N5+N8 -> 87.6 | Q5: 54 | R5: 34 | S5: 40 | T5: =Q5*R5*S5/1000000 -> 0.07344 | U5: =Q5*R5*S5/1000000*J5+Q8*R8*S8/1000000*J8 -> 0.44064
D6: MELLANGE | E6: 2 | F6: 2 | G6: 2 | H6: 2 | I6: =SUM(E6:H6) -> 8
D7: BEIGE | E7: 2 | F7: 2 | G7: 2 | H7: 2 | I7: =SUM(E7:H7) -> 8
D8: BLACK | E8: 3 | F8: 2 | G8: 3 | H8: 3 | I8: =SUM(E8:H8) -> 11 | J8: 1 | K8: =SUM(I8:I10) -> 24 | L8: =J8*K8 -> 24 | M8: 15.6 | N8: 14.6 | Q8: 54 | R8: 34 | S8: 40 | T8: =Q8*R8*S8/1000000 -> 0.07344
D9: MELLANGE | E9: 1 | F9: 1 | G9: 2 | H9: 2 | I9: =SUM(E9:H9) -> 6
D10: BEIGE | E10: 2 | F10: 2 | G10: 1 | H10: 2 | I10: =SUM(E10:H10) -> 7
A11: TOTAL: | J11: =SUM(J5:J10) -> 6 | L11: =SUM(L5:L10) -> 144 | O11: =SUM(O5:O10) -> 93.6 | P11: =SUM(P5:P10) -> 87.6 | U11: =SUM(U5:U10) -> 0.44064
A14: 货物图片 | C14: 吊牌正面 | E14: 吊牌背面 | H14: 吊粒 | J14: 主唛 | L14: 洗水唛 | N14: 纸箱正唛 | P14: 纸箱侧唛
E27: G
C28: 船头版 | D28: BLACK
D29: MELLANGE
D30: BEIGE | E30: 1

Sheet HF26-10USD#
A1: 海之风服饰Packing list
A2: 款号 | B2: 唛头 | C2: 箱号 | D2: 颜色 | E2: 规格 | I2: 件数 | J2: 箱数 | K2: 件/箱 | L2: 总件数 | M2: 毛重 | N2: 净重 | O2: 总毛重 | P2: 总净重 | Q2: 箱规（CM） | T2: 每箱立方 m³ | U2: 立方数m³
A3: STYLE No. | B3: BRAND | C3: CTN No. | D3: COLOUR | E3: SIZE | I3: PCS | J3: CTNS | K3: PC/CTN | L3: T.PCS | M3: G.W | N3: N.W | O3: T. G.W | P3: T. N.W | Q3: MEANS(cm) | T3: cbm/ctn | U3: CBM
E4: CH | F4: M | G4: G | H4: EG | Q4: L | R4: W | S4: H
A5: HF26/10USD | B5: IDOL NAVY | D5: BLACK | E5: 2 | F5: 2 | G5: 2 | H5: 2 | I5: =SUM(E5:H5) -> 8 | J5: 10 | K5: =SUM(I5:I7) -> 24 | L5: =J5*K5 -> 240 | M5: 15.4 | N5: 14.4 | O5: =M5*J5 -> 154 | P5: =N5*J5 -> 144 | Q5: 54 | R5: 34 | S5: 40 | T5: =Q5*R5*S5/1000000 -> 0.07344 | U5: =T5*J5 -> 0.7344
D6: LT MELLANGE | E6: 2 | F6: 2 | G6: 2 | H6: 2 | I6: =SUM(E6:H6) -> 8
D7: BEIGE | E7: 2 | F7: 2 | G7: 2 | H7: 2 | I7: =SUM(E7:H7) -> 8
A8: TOTAL: | J8: =SUM(J5:J7) -> 10 | L8: =SUM(L5:L7) -> 240 | O8: =SUM(O5) -> 154 | P8: =SUM(P5) -> 144 | U8: =SUM(U5:U7) -> 0.7344
A11: 货物图片 | C11: 吊牌正面 | E11: 吊牌背面 | H11: 吊粒 | J11: 主唛 | L11: 洗水唛 | N11: 纸箱正唛 | P11: 纸箱侧唛
E24: G
C25: 船头版 | D25: BLACK
D26: LT MELLANGE
D27: BEIGE | E27: 1

Sheet HF26-11USD#
A1: 海之风服饰Packing list
A2: 款号 | B2: 唛头 | C2: 箱号 | D2: 颜色 | E2: 规格 | I2: 件数 | J2: 箱数 | K2: 件/箱 | L2: 总件数 | M2: 毛重 | N2: 净重 | O2: 总毛重 | P2: 总净重 | Q2: 箱规（CM） | T2: 每箱立方 m³ | U2: 立方数m³
A3: STYLE No. | B3: BRAND | C3: CTN No. | D3: COLOUR | E3: SIZE | I3: PCS | J3: CTNS | K3: PC/CTN | L3: T.PCS | M3: G.W | N3: N.W | O3: T. G.W | P3: T. N.W | Q3: MEANS(cm) | T3: cbm/ctn | U3: CBM
E4: CH | F4: M | G4: G | H4: EG | Q4: L | R4: W | S4: H
A5: HF26/11USD | B5: IDOL NAVY | D5: BLACK | E5: 2 | F5: 2 | G5: 2 | H5: 2 | I5: =SUM(E5:H5) -> 8 | J5: 7 | K5: =SUM(I5:I7) -> 24 | L5: =J5*K5 -> 168 | M5: 15.4 | N5: 14.4 | O5: =J5*M5+M11 -> 122 | P5: =J5*N5+N11 -> 114 | Q5: 54 | R5: 34 | S5: 45 | T5: =Q5*R5*S5/1000000 -> 0.08262 | U5: =Q5*R5*S5/1000000*J5+Q8*R8*S8/1000000*J8+Q11*R11*S11/1000000*J11 -> 0.81702
D6: RED | E6: 2 | F6: 2 | G6: 2 | H6: 2 | I6: =SUM(E6:H6) -> 8
D7: NAVY | E7: 2 | F7: 2 | G7: 2 | H7: 2 | I7: =SUM(E7:H7) -> 8
D8: BLACK | E8: 3 | F8: 3 | G8: 3 | H8: 3 | I8: =SUM(E8:H8) -> 12 | J8: 2 | K8: =SUM(I8:I10) -> 24 | L8: =J8*K8 -> 48 | M8: 15.4 | N8: 14.4 | Q8: 54 | R8: 34 | S8: 45 | T8: =Q8*R8*S8/1000000 -> 0.08262
D9: RED | E9: 3 | F9: 3 | G9: 3 | H9: 3 | I9: =SUM(E9:H9) -> 12
D10: NAVY
D11: BLACK | E11: 3 | F11: 2 | G11: 2 | H11: 2 | I11: =SUM(E11:H11) -> 9 | J11: 1 | K11: =SUM(I11:I13) -> 20 | L11: =J11*K11 -> 20 | M11: 14.2 | N11: 13.2 | Q11: 54 | R11: 34 | S11: 40 | T11: =Q11*R11*S11/1000000 -> 0.07344
D12: RED | E12: 1 | F12: 1 | G12: 2 | H12: 1 | I12: =SUM(E12:H12) -> 5
D13: NAVY | E13: 2 | F13: 1 | G13: 2 | H13: 1 | I13: =SUM(E13:H13) -> 6
A14: TOTAL: | J14: =SUM(J5:J13) -> 10 | L14: =SUM(L5:L13) -> 236 | O14: =SUM(O5:O13) -> 122 | P14: =SUM(P5:P13) -> 114 | U14: =SUM(U5:U13) -> 0.81702
A17: 货物图片 | C17: 吊牌正面 | E17: 吊牌背面 | H17: 吊粒 | J17: 主唛 | L17: 洗水唛 | N17: 纸箱正唛 | P17: 纸箱侧唛
E30: G
C31: 船头版 | D31: BLACK
D32: RED
D33: NAVY | E33: 1

Sheet HF26-12USD#
A1: 海之风服饰Packing list
A2: 款号 | B2: 唛头 | C2: 箱号 | D2: 颜色 | E2: 规格 | I2: 件数 | J2: 箱数 | K2: 件/箱 | L2: 总件数 | M2: 毛重 | N2: 净重 | O2: 总毛重 | P2: 总净重 | Q2: 箱规（CM） | T2: 每箱立方 m³ | U2: 立方数m³
A3: STYLE No. | B3: BRAND | C3: CTN No. | D3: COLOUR | E3: SIZE | I3: PCS | J3: CTNS | K3: PC/CTN | L3: T.PCS | M3: G.W | N3: N.W | O3: T. G.W | P3: T. N.W | Q3: MEANS(cm) | T3: cbm/ctn | U3: CBM
E4: CH | F4: M | G4: G | H4: EG | Q4: L | R4: W | S4: H
A5: HF26/12USD | B5: IDOL NAVY | D5: BLACK | E5: 2 | F5: 2 | G5: 2 | H5: 2 | I5: =SUM(E5:H5) -> 8 | J5: 5 | K5: =SUM(I5:I7) -> 24 | L5: =J5*K5 -> 120 | M5: 15.4 | N5: 14.4 | O5: =J5*M5+M8 -> 98.4 | P5: =J5*N5+N8 -> 92.4 | Q5: 54 | R5: 34 | S5: 40 | T5: =Q5*R5*S5/1000000 -> 0.07344 | U5: =Q5*R5*S5/1000000*J5+Q8*R8*S8/1000000*J8 -> 0.46818
D6: RED | E6: 2 | F6: 2 | G6: 2 | H6: 2 | I6: =SUM(E6:H6) -> 8
D7: MELLANGE | E7: 2 | F7: 2 | G7: 2 | H7: 2 | I7: =SUM(E7:H7) -> 8
D8: BLACK | E8: 3 | F8: 3 | G8: 1 | H8: 3 | I8: =SUM(E8:H8) -> 10 | J8: 1 | K8: =SUM(I8:I10) -> 34 | L8: =J8*K8 -> 34 | M8: 21.4 | N8: 20.4 | Q8: 54 | R8: 34 | S8: 55 | T8: =Q8*R8*S8/1000000 -> 0.10098
D9: RED | E9: 2 | F9: 1 | G9: 1 | H9: 1 | I9: =SUM(E9:H9) -> 5
D10: MELLANGE | E10: 5 | F10: 5 | G10: 4 | H10: 5 | I10: =SUM(E10:H10) -> 19
A11: TOTAL: | J11: =SUM(J5:J10) -> 6 | L11: =SUM(L5:L10) -> 154 | O11: =SUM(O5:O10) -> 98.4 | P11: =SUM(P5:P10) -> 92.4 | U11: =SUM(U5:U10) -> 0.46818
A14: 货物图片 | C14: 吊牌正面 | E14: 吊牌背面 | H14: 吊粒 | J14: 主唛 | L14: 洗水唛 | N14: 纸箱正唛 | P14: 纸箱侧唛
E27: G
C28: 船头版 | D28: BLACK
D29: RED
D30: MELLANGE | E30: 1

Sheet HF26-13USD#
A1: 海之风服饰Packing list
A2: 款号 | B2: 唛头 | C2: 箱号 | D2: 颜色 | E2: 规格 | I2: 件数 | J2: 箱数 | K2: 件/箱 | L2: 总件数 | M2: 毛重 | N2: 净重 | O2: 总毛重 | P2: 总净重 | Q2: 箱规（CM） | T2: 每箱立方 m³ | U2: 立方数m³
A3: STYLE No. | B3: BRAND | C3: CTN No. | D3: COLOUR | E3: SIZE | I3: PCS | J3: CTNS | K3: PC/CTN | L3: T.PCS | M3: G.W | N3: N.W | O3: T. G.W | P3: T. N.W | Q3: MEANS(cm) | T3: cbm/ctn | U3: CBM
E4: CH | F4: M | G4: G | H4: EG | Q4: L | R4: W | S4: H
A5: HF26/13USD | B5: IDOL NAVY | D5: BLACK | E5: 2 | F5: 2 | G5: 2 | H5: 2 | I5: =SUM(E5:H5) -> 8 | J5: 9 | K5: =SUM(I5:I7) -> 24 | L5: =J5*K5 -> 216 | M5: 15.8 | N5: 14.8 | O5: =J5*M5+M7 -> 142.2 | P5: =J5*N5+N7 -> 133.2 | Q5: 54 | R5: 34 | S5: 45 | T5: =Q5*R5*S5/1000000 -> 0.08262 | U5: =T5*J5 -> 0.74358
D6: LT BEIGE | E6: 2 | F6: 2 | G6: 2 | H6: 2 | I6: =SUM(E6:H6) -> 8
D7: GREEN | E7: 2 | F7: 2 | G7: 2 | H7: 2 | I7: =SUM(E7:H7) -> 8
D8: BLACK | E8: 1 | F8: 1 | G8: 1 | H8: 2 | I8: =SUM(E8:H8) -> 5 | J8: 1 | K8: =SUM(I8:I10) -> 24 | L8: =J8*K8 -> 24 | M8: 15.8 | N8: 14.8 | O8: =J8*M8+M10 -> 15.8 | P8: =J8*N8+N10 -> 14.8 | Q8: 54 | R8: 34 | S8: 45 | T8: =Q8*R8*S8/1000000 -> 0.08262 | U8: =T8*J8 -> 0.08262
D9: LT BEIGE | E9: 2 | F9: 2 | G9: 2 | H9: 2 | I9: =SUM(E9:H9) -> 8
D10: GREEN | E10: 3 | F10: 3 | G10: 3 | H10: 2 | I10: =SUM(E10:H10) -> 11
D11: BLACK | E11: / | F11: / | G11: / | H11: / | I11: =SUM(E11:H11) -> 0 | J11: 1 | K11: =SUM(I11:I13) -> 24 | L11: =J11*K11 -> 24 | M11: 15.8 | N11: 14.8 | O11: =J11*M11+M13 -> 15.8 | P11: =J11*N11+N13 -> 14.8 | Q11: 54 | R11: 34 | S11: 45 | T11: =Q11*R11*S11/1000000 -> 0.08262 | U11: =T11*J11 -> 0.08262
D12: LT BEIGE | E12: 4 | F12: 2 | G12: 3 | H12: 3 | I12: =SUM(E12:H12) -> 12
D13: GREEN | E13: 2 | F13: 3 | G13: 2 | H13: 5 | I13: =SUM(E13:H13) -> 12
A14: TOTAL: | J14: =SUM(J5:J13) -> 11 | L14: =SUM(L5:L13) -> 264 | O14: =SUM(O5:O13) -> 173.8 | P14: =SUM(P5:P13) -> 162.8 | U14: =SUM(U5:U13) -> 0.90882
A17: 货物图片 | C17: 吊牌正面 | E17: 吊牌背面 | H17: 吊粒 | J17: 主唛 | L17: 洗水唛 | N17: 纸箱正唛 | P17: 纸箱侧唛
E30: G
C31: 船头版 | D31: BLACK
D32: LT BEIGE
D33: GREEN | E33: 1

Sheet HF26-06MSD#
A1: 海之风服饰 Packing list
A2: 款号 | B2: 唛头 | C2: 箱号 | D2: 颜色 | E2: 规格 | I2: 件数 | J2: 箱数 | K2: 件/箱 | L2: 总件数 | M2: 毛重 | N2: 净重 | O2: 总毛重 | P2: 总净重 | Q2: 箱规（CM） | T2: 每箱立方 m³ | U2: 立方数m³
A3: STYLE No. | B3: BRAND | C3: CTN No. | D3: COLOUR | E3: SIZE | I3: PCS | J3: CTNS | K3: PC/CTN | L3: T.PCS | M3: G.W | N3: N.W | O3: T. G.W | P3: T. N.W | Q3: MEANS(cm) | T3: cbm/ctn | U3: CBM
E4: CH | F4: M | G4: G | H4: EG | Q4: L | R4: W | S4: H
A5: HF26/06MSD | B5: IDOL NAVY | D5: LT MELLANGE /SLEEVE BLACK | E5: 2 | F5: 2 | G5: 2 | H5: 2 | I5: =SUM(E5:H5) -> 8 | J5: 2 | K5: =SUM(I5:I7) -> 24 | L5: =J5*K5 -> 48 | M5: 20 | N5: 19 | O5: =M5*J5 -> 40 | P5: =N5*J5 -> 38 | Q5: 54 | R5: 34 | S5: 55 | T5: =Q5*R5*S5/1000000 -> 0.10098 | U5: =T5*J5 -> 0.20196
D6: DK MELANGE /SLEEVE BLACK | E6: 2 | F6: 2 | G6: 2 | H6: 2 | I6: =SUM(E6:H6) -> 8
D7: RED /SLEEVE NAVY | E7: 2 | F7: 2 | G7: 2 | H7: 2 | I7: =SUM(E7:H7) -> 8
J8: =SUM(J5:J7) -> 2 | L8: =SUM(L5:L7) -> 48 | O8: =SUM(O5) -> 40 | P8: =SUM(P5) -> 38 | U8: =SUM(U5:U7) -> 0.20196
A11: 货物图片 | C11: 吊牌正面 | E11: 吊牌背面 | H11: 吊粒 | J11: 主唛 | L11: 洗水唛 | N11: 纸箱正唛 | P11: 纸箱侧唛
E24: CH
C25: 船头版 | D25: LT MELLANGE /SLEEVE BLACK
D26: DK MELANGE /SLEEVE BLACK | E26: 1
D27: RED /SLEEVE NAVY

Sheet HF26-07MSD#
A1: Packing list
A2: 款号 | B2: 唛头 | C2: 箱号 | D2: 颜色 | E2: 规格 | I2: 件数 | J2: 箱数 | K2: 件/箱 | L2: 总件数 | M2: 毛重 | N2: 净重 | O2: 总毛重 | P2: 总净重 | Q2: 箱规（CM） | T2: 每箱立方 m³ | U2: 立方数m³
A3: STYLE No. | B3: BRAND | C3: CTN No. | D3: COLOUR | E3: SIZE | I3: PCS | J3: CTNS | K3: PC/CTN | L3: T.PCS | M3: G.W | N3: N.W | O3: T. G.W | P3: T. N.W | Q3: MEANS(cm) | T3: cbm/ctn | U3: CBM
E4: CH | F4: M | G4: G | H4: EG | Q4: L | R4: W | S4: H
A5: HF26/07MSD | B5: IDOL NAVY | C5: 1-12 | D5: BLACK | E5: 2 | F5: 2 | G5: 2 | H5: 2 | I5: =SUM(E5:H5) -> 8 | J5: 5 | K5: =SUM(I5:I7) -> 24 | L5: =J5*K5 -> 120 | M5: 18.8 | N5: 17.8 | O5: =M5*J5 -> 94 | P5: =N5*J5 -> 89 | Q5: 54 | R5: 34 | S5: 55 | T5: =Q5*R5*S5/1000000 -> 0.10098 | U5: =T5*J5 -> 0.5049
D6: BEIGE | E6: 2 | F6: 2 | G6: 2 | H6: 2 | I6: =SUM(E6:H6) -> 8
D7: LT MELLANGE | E7: 2 | F7: 2 | G7: 2 | H7: 2 | I7: =SUM(E7:H7) -> 8
A8: TOTAL: | J8: =SUM(J5:J7) -> 5 | L8: =SUM(L5:L7) -> 120 | O8: =SUM(O5) -> 94 | P8: =SUM(P5) -> 89 | U8: =SUM(U5:U7) -> 0.5049
A11: 货物图片 | C11: 吊牌正面 | E11: 吊牌背面 | H11: 吊粒 | J11: 主唛 | L11: 洗水唛 | N11: 纸箱正唛 | P11: 纸箱侧唛
E24: G
C25: 船头版 | D25: BLACK
D26: BEIGE | E26: 1 | F26: 1
D27: LT MELLANGE

Sheet HF26-08MSD#
A1: Packing list
A2: 款号 | B2: 唛头 | C2: 箱号 | D2: 颜色 | E2: 规格 | I2: 件数 | J2: 箱数 | K2: 件/箱 | L2: 总件数 | M2: 毛重 | N2: 净重 | O2: 总毛重 | P2: 总净重 | Q2: 箱规（CM） | T2: 每箱立方 m³ | U2: 立方数m³
A3: STYLE No. | B3: BRAND | C3: CTN No. | D3: COLOUR | E3: SIZE | I3: PCS | J3: CTNS | K3: PC/CTN | L3: T.PCS | M3: G.W | N3: N.W | O3: T. G.W | P3: T. N.W | Q3: MEANS(cm) | T3: cbm/ctn | U3: CBM
E4: CH | F4: M | G4: G | H4: EG | Q4: L | R4: W | S4: H
A5: HF26/08MSD | B5: IDOL NAVY | C5: 1-12 | D5: MELANGE /LETTERS NAVY | E5: 2 | F5: 2 | G5: 2 | H5: 2 | I5: =SUM(E5:H5) -> 8 | J5: 9 | K5: =SUM(I5:I7) -> 24 | L5: =J5*K5 -> 216 | M5: 18.8 | N5: 17.8 | O5: =J5*M5+M8 -> 182.8 | P5: =J5*N5+N8 -> 172.8 | Q5: 54 | R5: 34 | S5: 55 | T5: =Q5*R5*S5/1000000 -> 0.10098 | U5: =Q5*R5*S5/1000000*J5+Q8*R8*S8/1000000*J8 -> 0.98226
D6: LT BEIGE / LETTERS NAVY | E6: 2 | F6: 2 | G6: 2 | H6: 2 | I6: =SUM(E6:H6) -> 8
D7: RED / LETTERS NAVY | E7: 2 | F7: 2 | G7: 2 | H7: 2 | I7: =SUM(E7:H7) -> 8
C8: 13 | D8: MELANGE /LETTERS NAVY | E8: 2 | F8: 1 | G8: 2 | H8: 2 | I8: =SUM(E8:H8) -> 7 | J8: 1 | K8: =SUM(I8:I10) -> 17 | L8: =J8*K8 -> 17 | M8: 13.6 | N8: 12.6 | Q8: 54 | R8: 34 | S8: 40 | T8: =Q8*R8*S8/1000000 -> 0.07344
D9: LT BEIGE / LETTERS NAVY | E9: 3 | F9: 2 | G9: / | H9: 3 | I9: =SUM(E9:H9) -> 8
D10: RED / LETTERS NAVY | E10: 1 | F10: / | G10: / | H10: 1 | I10: =SUM(E10:H10) -> 2
A11: TOTAL: | J11: =SUM(J5:J10) -> 10 | L11: =SUM(L5:L10) -> 233 | O11: =SUM(O5:O10) -> 182.8 | P11: =SUM(P5:P10) -> 172.8 | U11: =SUM(U5:U10) -> 0.98226
A14: 货物图片 | C14: 吊牌正面 | E14: 吊牌背面 | H14: 吊粒 | J14: 主唛 | L14: 洗水唛 | N14: 纸箱正唛 | P14: 纸箱侧唛
E27: M
C28: 船头版 | D28: MELANGE /LETTERS NAVY
D29: LT BEIGE / LETTERS NAVY | E29: 1 | F29: 1
D30: RED / LETTERS NAVY

Sheet HF26-14MSD#
A1: 海之风服饰 Packing list
A2: 款号 | B2: 唛头 | C2: 箱号 | D2: 颜色 | E2: 规格 | I2: 件数 | J2: 箱数 | K2: 件/箱 | L2: 总件数 | M2: 毛重 | N2: 净重 | O2: 总毛重 | P2: 总净重 | Q2: 箱规（CM） | T2: 每箱立方 m³ | U2: 立方数m³
A3: STYLE No. | B3: BRAND | C3: CTN No. | D3: COLOUR | E3: SIZE | I3: PCS | J3: CTNS | K3: PC/CTN | L3: T.PCS | M3: G.W | N3: N.W | O3: T. G.W | P3: T. N.W | Q3: MEANS(cm) | T3: cbm/ctn | U3: CBM
E4: CH | F4: M | G4: G | H4: EG | Q4: L | R4: W | S4: H
A5: HF26/14MSD | B5: IDOL NAVY | C5: 13 | D5: RED | E5: 2 | F5: 2 | G5: 2 | H5: 2 | I5: =SUM(E5:H5) -> 8 | J5: 1 | K5: =SUM(I5:I7) -> 27 | L5: =J5*K5 -> 27 | M5: 19.8 | N5: 18.9 | O5: =M5*J5 -> 19.8 | P5: =N5*J5 -> 18.9 | Q5: 54 | R5: 34 | S5: 55 | T5: =Q5*R5*S5/1000000 -> 0.10098 | U5: =T5*J5 -> 0.10098
D6: PURPLE | E6: 2 | F6: 4 | G6: 3 | H6: 3 | I6: =SUM(E6:H6) -> 12
D7: BEIGE | E7: 2 | F7: 2 | G7: 2 | H7: 1 | I7: =SUM(E7:H7) -> 7
A8: TOTAL: | J8: =SUM(J5:J7) -> 1 | L8: =SUM(L5:L7) -> 27 | O8: =SUM(O5) -> 19.8 | P8: =SUM(P5) -> 18.9 | U8: =SUM(U5:U7) -> 0.10098
A11: 货物图片 | C11: 吊牌正面 | E11: 吊牌背面 | H11: 吊粒 | J11: 主唛 | L11: 洗水唛 | N11: 纸箱正唛 | P11: 纸箱侧唛
E26: EG
C27: 船头版 | D27: RED
D28: PURPLE
D29: BEIGE | E29: 1
